{"cameraMode":{"drawMode":0,"name":"Shaded","section":"Shading Mode"},"sceneLighting":true,"audioPlay":false,"sceneViewState":{"showFog":true,"showMaterialUpdate":false,"showSkybox":true,"showFlares":true,"showImageEffects":true,"showParticleSystems":true},"in2DMode":false,"pivot":{"x":-1.6853933334350587,"y":-4.637483596801758,"z":41.93516540527344},"rotation":{"x":-0.2632671892642975,"y":-0.32711678743362429,"z":0.0954083576798439,"w":-0.9025726914405823},"size":30.74566078186035,"orthographic":false}